{
  "models": {
    "Logistic Regression": {
      "accuracy": 0.8088333333333333,
      "precision": 0.5959488272921108,
      "recall": 0.4212509419743783,
      "f1_score": 0.493598233995585,
      "roc_auc": 0.7130174771422549,
      "cv_f1_mean": 0.5332028322540772,
      "cv_f1_std": 0.009870745382749001
    },
    "Random Forest": {
      "accuracy": 0.8078333333333333,
      "precision": 0.5943600867678959,
      "recall": 0.4129615674453655,
      "f1_score": 0.4873277012005336,
      "roc_auc": 0.7644602037293236,
      "cv_f1_mean": 0.6751662247615385,
      "cv_f1_std": 0.00614718744112128
    },
    "Gradient Boosting": {
      "accuracy": 0.8051666666666667,
      "precision": 0.5901826484018264,
      "recall": 0.3896006028636021,
      "f1_score": 0.4693599636858829,
      "roc_auc": 0.7488553187022048,
      "cv_f1_mean": 0.7106077458832505,
      "cv_f1_std": 0.00686051693703802
    },
    "Support Vector Machine": {
      "accuracy": 0.8068333333333333,
      "precision": 0.5876826722338204,
      "recall": 0.4242652599849284,
      "f1_score": 0.49277899343544856,
      "roc_auc": 0.7280194018097842,
      "cv_f1_mean": 0.5638771875323992,
      "cv_f1_std": 0.01005270123251185
    },
    "Neural Network": {
      "accuracy": 0.7995,
      "precision": 0.5573012939001848,
      "recall": 0.4544084400904295,
      "f1_score": 0.5006226650062267,
      "roc_auc": 0.7536332030386365,
      "cv_f1_mean": 0.5876478126104919,
      "cv_f1_std": 0.024199036121670455
    },
    "K-Nearest Neighbors": {
      "accuracy": 0.7396666666666667,
      "precision": 0.42295081967213116,
      "recall": 0.4860587792012057,
      "f1_score": 0.4523141654978962,
      "roc_auc": 0.6954540594681144,
      "cv_f1_mean": 0.7022153118989541,
      "cv_f1_std": 0.009676396487213178
    }
  },
  "best_model": "Neural Network",
  "feature_count": 31,
  "training_date": "2025-12-22"
}